{
  "model/formatter-dbg.js": 1771876728065,
  "controller/ErrorHandler.js": 1771360816215,
  "model/formatter.js": 1771876728065,
  "controller/Worklist.controller.js": 1772029742427,
  "controller/Object.controller.js": 1771360816215,
  "controller/NotFound.controller.js": 1771360816215,
  "model/models.js": 1771360816215,
  "controller/BaseController.js": 1771360816215,
  "controller/App.controller.js": 1771360816215,
  "manifest.json": 1772029770651,
  "Component.js": 1771360816215,
  "model/models-dbg.js": 1771360816215,
  "model/models.js.map": 1772029869345,
  "i18n/i18n.properties": 1772029795062,
  "model/formatter.js.map": 1772029869354,
  "controller/Worklist-dbg.controller.js": 1772029742427,
  "controller/Worklist.controller.js.map": 1772029869459,
  "controller/Object-dbg.controller.js": 1771360816215,
  "controller/Object.controller.js.map": 1772029869380,
  "controller/NotFound-dbg.controller.js": 1771360816215,
  "controller/NotFound.controller.js.map": 1772029869348,
  "controller/ErrorHandler-dbg.js": 1771360816215,
  "controller/ErrorHandler.js.map": 1772029869359,
  "controller/BaseController-dbg.js": 1771360816215,
  "controller/BaseController.js.map": 1772029869359,
  "controller/App-dbg.controller.js": 1771360816215,
  "controller/App.controller.js.map": 1772029869362,
  "Component-dbg.js": 1771360816215,
  "Component.js.map": 1772029869384,
  "Component-preload.js": 1772029869684,
  "Component-preload.js.map": 1772029869685,
  "view/Worklist.view.xml": 1772029721112,
  "view/ObjectNotFound.view.xml": 1771360816215,
  "view/Object.view.xml": 1771360816215,
  "view/NotFound.view.xml": 1771360816215,
  "view/App.view.xml": 1771360816215,
  "css/style.css": 1771562496194,
  "index.html": 1771360816215
}