{
  "controller/Worklist.controller.js": 1772035957950,
  "controller/ErrorHandler.js": 1771360816215,
  "model/formatter.js": 1771876728065,
  "i18n/i18n.properties": 1772029795062,
  "controller/Object.controller.js": 1771360816215,
  "controller/NotFound.controller.js": 1771360816215,
  "model/models.js": 1771360816215,
  "controller/BaseController.js": 1771360816215,
  "controller/App.controller.js": 1771360816215,
  "manifest.json": 1772033086169,
  "Component.js": 1771360816215,
  "controller/Object-dbg.controller.js": 1771360816215,
  "controller/Object.controller.js.map": 1772037402604,
  "model/formatter-dbg.js": 1771876728065,
  "model/formatter.js.map": 1772037402600,
  "controller/Worklist-dbg.controller.js": 1772035957950,
  "controller/Worklist.controller.js.map": 1772037402684,
  "controller/ErrorHandler-dbg.js": 1771360816215,
  "controller/ErrorHandler.js.map": 1772037402600,
  "controller/NotFound-dbg.controller.js": 1771360816215,
  "controller/NotFound.controller.js.map": 1772037402602,
  "model/models-dbg.js": 1771360816215,
  "model/models.js.map": 1772037402603,
  "controller/BaseController-dbg.js": 1771360816215,
  "controller/BaseController.js.map": 1772037402606,
  "controller/App-dbg.controller.js": 1771360816215,
  "controller/App.controller.js.map": 1772037402606,
  "Component-dbg.js": 1771360816215,
  "Component.js.map": 1772037402608,
  "Component-preload.js": 1772037402890,
  "Component-preload.js.map": 1772037402890,
  "view/Worklist.view.xml": 1772037174804,
  "view/ObjectNotFound.view.xml": 1771360816215,
  "view/Object.view.xml": 1771360816215,
  "view/NotFound.view.xml": 1771360816215,
  "view/App.view.xml": 1771360816215,
  "css/style.css": 1772035629517,
  "index.html": 1771360816215
}