{
  "manifest.json": 1771957052100,
  "controller/ErrorHandler.js": 1771360816215,
  "model/formatter.js": 1771876728065,
  "controller/Worklist.controller.js": 1771963483332,
  "controller/Object.controller.js": 1771360816215,
  "controller/NotFound.controller.js": 1771360816215,
  "model/models.js": 1771360816215,
  "controller/BaseController.js": 1771360816215,
  "controller/App.controller.js": 1771360816215,
  "i18n/i18n.properties": 1771360816215,
  "Component.js": 1771360816215,
  "model/formatter-dbg.js": 1771876728065,
  "model/formatter.js.map": 1771963511006,
  "controller/ErrorHandler-dbg.js": 1771360816215,
  "controller/ErrorHandler.js.map": 1771963511007,
  "controller/Worklist-dbg.controller.js": 1771963483332,
  "controller/Worklist.controller.js.map": 1771963511065,
  "controller/Object-dbg.controller.js": 1771360816215,
  "controller/Object.controller.js.map": 1771963511010,
  "controller/NotFound-dbg.controller.js": 1771360816215,
  "controller/NotFound.controller.js.map": 1771963511008,
  "model/models-dbg.js": 1771360816215,
  "model/models.js.map": 1771963511009,
  "controller/BaseController-dbg.js": 1771360816215,
  "controller/BaseController.js.map": 1771963511012,
  "controller/App-dbg.controller.js": 1771360816215,
  "controller/App.controller.js.map": 1771963511011,
  "Component-dbg.js": 1771360816215,
  "Component.js.map": 1771963511013,
  "Component-preload.js": 1771963511209,
  "Component-preload.js.map": 1771963511209,
  "view/Worklist.view.xml": 1771957010449,
  "view/ObjectNotFound.view.xml": 1771360816215,
  "view/Object.view.xml": 1771360816215,
  "view/NotFound.view.xml": 1771360816215,
  "view/App.view.xml": 1771360816215,
  "css/style.css": 1771562496194,
  "index.html": 1771360816215
}