{
  "view/Object.view.xml": 1771360816215,
  "controller/Object.controller.js": 1771360816215,
  "model/formatter.js": 1771876728065,
  "controller/Worklist.controller.js": 1772033061398,
  "model/models.js": 1771360816215,
  "controller/NotFound.controller.js": 1771360816215,
  "controller/ErrorHandler.js": 1771360816215,
  "controller/BaseController.js": 1771360816215,
  "controller/App.controller.js": 1771360816215,
  "manifest.json": 1772033086169,
  "Component.js": 1771360816215,
  "controller/Worklist-dbg.controller.js": 1772033061398,
  "controller/Worklist.controller.js.map": 1772033101780,
  "model/formatter-dbg.js": 1771876728065,
  "model/formatter.js.map": 1772033101692,
  "controller/Object-dbg.controller.js": 1771360816215,
  "controller/Object.controller.js.map": 1772033101686,
  "model/models-dbg.js": 1771360816215,
  "model/models.js.map": 1772033101672,
  "controller/NotFound-dbg.controller.js": 1771360816215,
  "controller/NotFound.controller.js.map": 1772033101676,
  "controller/ErrorHandler-dbg.js": 1771360816215,
  "controller/ErrorHandler.js.map": 1772033101686,
  "controller/BaseController-dbg.js": 1771360816215,
  "controller/BaseController.js.map": 1772033101690,
  "controller/App-dbg.controller.js": 1771360816215,
  "controller/App.controller.js.map": 1772033101689,
  "Component-dbg.js": 1771360816215,
  "Component.js.map": 1772033101692,
  "Component-preload.js": 1772033101937,
  "Component-preload.js.map": 1772033101937,
  "view/Worklist.view.xml": 1772033046046,
  "view/ObjectNotFound.view.xml": 1771360816215,
  "i18n/i18n.properties": 1772029795062,
  "view/NotFound.view.xml": 1771360816215,
  "view/App.view.xml": 1771360816215,
  "css/style.css": 1772032771112,
  "index.html": 1771360816215
}