{
  "model/formatter.js.map": 1771953832849,
  "controller/App.controller.js": 1771360816215,
  "model/formatter.js": 1771876728065,
  "controller/Worklist.controller.js": 1771876687621,
  "controller/Object.controller.js": 1771360816215,
  "controller/NotFound.controller.js": 1771360816215,
  "controller/ErrorHandler.js": 1771360816215,
  "controller/BaseController.js": 1771360816215,
  "model/models.js": 1771360816215,
  "manifest.json": 1771596108125,
  "Component.js": 1771360816215,
  "controller/BaseController-dbg.js": 1771360816215,
  "controller/BaseController.js.map": 1771953832846,
  "model/formatter-dbg.js": 1771876728065,
  "i18n/i18n.properties": 1771360816215,
  "controller/Worklist-dbg.controller.js": 1771876687621,
  "controller/Worklist.controller.js.map": 1771953832924,
  "controller/Object-dbg.controller.js": 1771360816215,
  "controller/Object.controller.js.map": 1771953832849,
  "controller/NotFound-dbg.controller.js": 1771360816215,
  "controller/NotFound.controller.js.map": 1771953832848,
  "controller/ErrorHandler-dbg.js": 1771360816215,
  "controller/ErrorHandler.js.map": 1771953832888,
  "controller/App-dbg.controller.js": 1771360816215,
  "controller/App.controller.js.map": 1771953832851,
  "model/models-dbg.js": 1771360816215,
  "model/models.js.map": 1771953832851,
  "Component-dbg.js": 1771360816215,
  "Component.js.map": 1771953832859,
  "Component-preload.js": 1771953833042,
  "Component-preload.js.map": 1771953833042,
  "view/Worklist.view.xml": 1771953816501,
  "view/ObjectNotFound.view.xml": 1771360816215,
  "view/Object.view.xml": 1771360816215,
  "view/NotFound.view.xml": 1771360816215,
  "view/App.view.xml": 1771360816215,
  "css/style.css": 1771562496194,
  "index.html": 1771360816215
}