{
  "Component-preload.js": 1772206751358,
  "Component.js": 1771360816215,
  "model/formatter.js": 1772040912674,
  "controller/Worklist.controller.js": 1772201726341,
  "controller/Object.controller.js": 1771360816215,
  "controller/NotFound.controller.js": 1771360816215,
  "controller/ErrorHandler.js": 1771360816215,
  "controller/BaseController.js": 1771360816215,
  "controller/App.controller.js": 1771360816215,
  "manifest.json": 1772033086169,
  "model/models.js": 1771360816215,
  "controller/Worklist-dbg.controller.js": 1772201726341,
  "controller/Worklist.controller.js.map": 1772206751066,
  "model/formatter-dbg.js": 1772040912674,
  "model/formatter.js.map": 1772206750953,
  "Component-dbg.js": 1771360816215,
  "Component.js.map": 1772206750909,
  "controller/Object-dbg.controller.js": 1771360816215,
  "controller/Object.controller.js.map": 1772206750950,
  "controller/NotFound-dbg.controller.js": 1771360816215,
  "controller/NotFound.controller.js.map": 1772206750911,
  "controller/ErrorHandler-dbg.js": 1771360816215,
  "controller/ErrorHandler.js.map": 1772206750946,
  "controller/BaseController-dbg.js": 1771360816215,
  "controller/BaseController.js.map": 1772206750950,
  "controller/App-dbg.controller.js": 1771360816215,
  "controller/App.controller.js.map": 1772206750952,
  "model/models-dbg.js": 1771360816215,
  "model/models.js.map": 1772206750952,
  "i18n/i18n.properties": 1772029795062,
  "Component-preload.js.map": 1772206751359,
  "view/Worklist.view.xml": 1772206706907,
  "view/ObjectNotFound.view.xml": 1771360816215,
  "view/Object.view.xml": 1772041439902,
  "view/NotFound.view.xml": 1771360816215,
  "view/App.view.xml": 1771360816215,
  "css/style.css": 1772143496475,
  "index.html": 1771360816215
}