{
  "model/models-dbg.js": 1771360816215,
  "controller/ErrorHandler.js": 1771360816215,
  "model/formatter.js": 1771360816215,
  "controller/Worklist.controller.js": 1771428185517,
  "controller/Object.controller.js": 1771360816215,
  "controller/NotFound.controller.js": 1771360816215,
  "model/models.js": 1771360816215,
  "controller/BaseController.js": 1771360816215,
  "controller/App.controller.js": 1771360816215,
  "manifest.json": 1771596108125,
  "Component.js": 1771360816215,
  "controller/App-dbg.controller.js": 1771360816215,
  "controller/App.controller.js.map": 1771596124399,
  "model/formatter-dbg.js": 1771360816215,
  "model/formatter.js.map": 1771596124400,
  "controller/Worklist-dbg.controller.js": 1771428185517,
  "controller/Worklist.controller.js.map": 1771596124467,
  "controller/Object-dbg.controller.js": 1771360816215,
  "controller/Object.controller.js.map": 1771596124405,
  "controller/NotFound-dbg.controller.js": 1771360816215,
  "controller/NotFound.controller.js.map": 1771596124402,
  "i18n/i18n.properties": 1771360816215,
  "model/models.js.map": 1771596124404,
  "controller/BaseController-dbg.js": 1771360816215,
  "controller/BaseController.js.map": 1771596124407,
  "controller/ErrorHandler-dbg.js": 1771360816215,
  "controller/ErrorHandler.js.map": 1771596124411,
  "Component-dbg.js": 1771360816215,
  "Component.js.map": 1771596124409,
  "Component-preload.js": 1771596124699,
  "Component-preload.js.map": 1771596124699,
  "view/Worklist.view.xml": 1771560713049,
  "view/ObjectNotFound.view.xml": 1771360816215,
  "view/Object.view.xml": 1771360816215,
  "view/NotFound.view.xml": 1771360816215,
  "view/App.view.xml": 1771360816215,
  "css/style.css": 1771562496194,
  "index.html": 1771360816215
}