{
  "controller/NotFound.controller.js.map": 1772213859215,
  "controller/Worklist.controller.js": 1772213752439,
  "model/formatter.js": 1772040912674,
  "model/models.js": 1771360816215,
  "controller/Object.controller.js": 1771360816215,
  "controller/NotFound.controller.js": 1771360816215,
  "controller/ErrorHandler.js": 1771360816215,
  "controller/BaseController.js": 1771360816215,
  "controller/App.controller.js": 1771360816215,
  "manifest.json": 1772033086169,
  "Component.js": 1771360816215,
  "Component-dbg.js": 1771360816215,
  "Component.js.map": 1772213859214,
  "model/formatter-dbg.js": 1772040912674,
  "model/formatter.js.map": 1772213859221,
  "model/models-dbg.js": 1771360816215,
  "model/models.js.map": 1772213859235,
  "controller/Object-dbg.controller.js": 1771360816215,
  "controller/Object.controller.js.map": 1772213859229,
  "controller/NotFound-dbg.controller.js": 1771360816215,
  "i18n/i18n.properties": 1772029795062,
  "controller/ErrorHandler-dbg.js": 1771360816215,
  "controller/ErrorHandler.js.map": 1772213859229,
  "controller/BaseController-dbg.js": 1771360816215,
  "controller/BaseController.js.map": 1772213859229,
  "controller/App-dbg.controller.js": 1771360816215,
  "controller/App.controller.js.map": 1772213859229,
  "controller/Worklist-dbg.controller.js": 1772213752439,
  "controller/Worklist.controller.js.map": 1772213859378,
  "Component-preload.js": 1772213859664,
  "Component-preload.js.map": 1772213859664,
  "view/Worklist.view.xml": 1772213772215,
  "view/ObjectNotFound.view.xml": 1771360816215,
  "view/Object.view.xml": 1772041439902,
  "view/NotFound.view.xml": 1771360816215,
  "view/App.view.xml": 1771360816215,
  "css/style.css": 1772143496475,
  "index.html": 1771360816215
}