{
  "model/formatter.js.map": 1772035128439,
  "controller/ErrorHandler.js": 1771360816215,
  "model/formatter.js": 1771876728065,
  "controller/Worklist.controller.js": 1772034155157,
  "controller/Object.controller.js": 1771360816215,
  "controller/NotFound.controller.js": 1771360816215,
  "model/models.js": 1771360816215,
  "controller/BaseController.js": 1771360816215,
  "controller/App.controller.js": 1771360816215,
  "manifest.json": 1772033086169,
  "Component.js": 1771360816215,
  "Component-dbg.js": 1771360816215,
  "Component.js.map": 1772035128447,
  "model/formatter-dbg.js": 1771876728065,
  "i18n/i18n.properties": 1772029795062,
  "controller/Worklist-dbg.controller.js": 1772034155157,
  "controller/Worklist.controller.js.map": 1772035128553,
  "controller/Object-dbg.controller.js": 1771360816215,
  "controller/Object.controller.js.map": 1772035128481,
  "controller/NotFound-dbg.controller.js": 1771360816215,
  "controller/NotFound.controller.js.map": 1772035128443,
  "model/models-dbg.js": 1771360816215,
  "model/models.js.map": 1772035128445,
  "controller/BaseController-dbg.js": 1771360816215,
  "controller/BaseController.js.map": 1772035128484,
  "controller/App-dbg.controller.js": 1771360816215,
  "controller/App.controller.js.map": 1772035128482,
  "controller/ErrorHandler-dbg.js": 1771360816215,
  "controller/ErrorHandler.js.map": 1772035128488,
  "Component-preload.js": 1772035128820,
  "Component-preload.js.map": 1772035128820,
  "view/Worklist.view.xml": 1772035108881,
  "view/ObjectNotFound.view.xml": 1771360816215,
  "view/Object.view.xml": 1771360816215,
  "view/NotFound.view.xml": 1771360816215,
  "view/App.view.xml": 1771360816215,
  "css/style.css": 1772034492286,
  "index.html": 1771360816215
}