{
  "controller/Object.controller.js": 1771360816215,
  "model/formatter.js": 1772040912674,
  "model/models.js": 1771360816215,
  "controller/Worklist.controller.js": 1772129466886,
  "i18n/i18n.properties": 1772029795062,
  "controller/NotFound.controller.js": 1771360816215,
  "controller/ErrorHandler.js": 1771360816215,
  "controller/BaseController.js": 1771360816215,
  "controller/App.controller.js": 1771360816215,
  "manifest.json": 1772033086169,
  "Component.js": 1771360816215,
  "controller/Worklist-dbg.controller.js": 1772129466886,
  "controller/Worklist.controller.js.map": 1772129557122,
  "model/models-dbg.js": 1771360816215,
  "model/models.js.map": 1772129556960,
  "model/formatter-dbg.js": 1772040912674,
  "model/formatter.js.map": 1772129556973,
  "controller/Object-dbg.controller.js": 1771360816215,
  "controller/Object.controller.js.map": 1772129556972,
  "controller/NotFound-dbg.controller.js": 1771360816215,
  "controller/NotFound.controller.js.map": 1772129556963,
  "controller/ErrorHandler-dbg.js": 1771360816215,
  "controller/ErrorHandler.js.map": 1772129556972,
  "controller/BaseController-dbg.js": 1771360816215,
  "controller/BaseController.js.map": 1772129556977,
  "controller/App-dbg.controller.js": 1771360816215,
  "controller/App.controller.js.map": 1772129556980,
  "Component-dbg.js": 1771360816215,
  "Component.js.map": 1772129556980,
  "Component-preload.js": 1772129557340,
  "Component-preload.js.map": 1772129557340,
  "view/Worklist.view.xml": 1772115568173,
  "view/ObjectNotFound.view.xml": 1771360816215,
  "view/Object.view.xml": 1772041439902,
  "view/NotFound.view.xml": 1771360816215,
  "view/App.view.xml": 1771360816215,
  "css/style.css": 1772115118581,
  "index.html": 1771360816215
}