{
  "welcomeFile": "/index.html",
  "authenticationMethod": "route",
  "routes": [
    {
      "source": "^<apply-service-segment-path>/(.*)$",
      "target": "<apply-service-segment-path>/$1",
      "destination": "test",
      "authenticationType": "xsuaa",
      "csrfProtection": false
    },
{
  "source": "^/sap/opu/odata/SAP/(.*)$",
  "target": "/sap/opu/odata/SAP/$1",
  "destination": "bx_neo_s4h",
  "authenticationType": "xsuaa",
  "csrfProtection": false
},
    {
      "source": "^/resources/(.*)$",
      "target": "/resources/$1",
      "authenticationType": "none",
      "destination": "ui5"
    },
    {
      "source": "^/test-resources/(.*)$",
      "target": "/test-resources/$1",
      "authenticationType": "none",
      "destination": "ui5"
    },
    {
      "source": "^(.*)$",
      "target": "$1",
      "service": "html5-apps-repo-rt",
      "authenticationType": "xsuaa"
    }
  ]
}
